respondent_id,email
10,fake_email_10@gmail.com
11,fake_email_11@gmail.com
12,fake_email_12@gmail.com
13,fake_email_13@gmail.com
14,fake_email_14@gmail.com
15,fake_email_15@gmail.com
16,fake_email_16@gmail.com
17,fake_email_17@gmail.com
18,fake_email_18@gmail.com
19,fake_email_19@gmail.com
20,fake_email_20@gmail.com
21,fake_email_21@gmail.com
22,fake_email_22@gmail.com
23,fake_email_23@gmail.com
24,fake_email_24@gmail.com
25,fake_email_25@gmail.com
26,fake_email_26@gmail.com
27,fake_email_27@gmail.com
28,fake_email_28@gmail.com
29,fake_email_29@gmail.com
30,fake_email_30@gmail.com
31,fake_email_31@gmail.com
32,fake_email_32@gmail.com
33,fake_email_33@gmail.com
34,fake_email_34@gmail.com
35,fake_email_35@gmail.com
36,fake_email_36@gmail.com
37,fake_email_37@gmail.com
38,fake_email_38@gmail.com
39,fake_email_39@gmail.com
40,fake_email_40@gmail.com
41,fake_email_41@gmail.com
42,fake_email_42@gmail.com
43,fake_email_43@gmail.com
44,fake_email_44@gmail.com
45,fake_email_45@gmail.com
46,fake_email_46@gmail.com
47,fake_email_47@gmail.com
48,fake_email_48@gmail.com
49,fake_email_49@gmail.com
50,fake_email_50@gmail.com
51,fake_email_51@gmail.com
52,fake_email_52@gmail.com
53,fake_email_53@gmail.com
54,fake_email_54@gmail.com
55,fake_email_55@gmail.com
56,fake_email_56@gmail.com
57,fake_email_57@gmail.com
58,fake_email_58@gmail.com
59,fake_email_59@gmail.com
60,fake_email_60@gmail.com
61,fake_email_61@gmail.com
62,fake_email_62@gmail.com
63,fake_email_63@gmail.com
64,fake_email_64@gmail.com
65,fake_email_65@gmail.com
66,fake_email_66@gmail.com
67,fake_email_67@gmail.com
68,fake_email_68@gmail.com
69,fake_email_69@gmail.com
70,fake_email_70@gmail.com
71,fake_email_71@gmail.com
72,fake_email_72@gmail.com
73,fake_email_73@gmail.com
74,fake_email_74@gmail.com
75,fake_email_75@gmail.com
76,fake_email_76@gmail.com
77,fake_email_77@gmail.com
78,fake_email_78@gmail.com
79,fake_email_79@gmail.com
80,fake_email_80@gmail.com
81,fake_email_81@gmail.com
82,fake_email_82@gmail.com
83,fake_email_83@gmail.com
84,fake_email_84@gmail.com
85,fake_email_85@gmail.com
86,fake_email_86@gmail.com
87,fake_email_87@gmail.com
88,fake_email_88@gmail.com
89,fake_email_89@gmail.com
90,fake_email_90@gmail.com
91,fake_email_91@gmail.com
92,fake_email_92@gmail.com
93,fake_email_93@gmail.com
94,fake_email_94@gmail.com
95,fake_email_95@gmail.com
96,fake_email_96@gmail.com
97,fake_email_97@gmail.com
98,fake_email_98@gmail.com
99,fake_email_99@gmail.com