id,label,formids,users,email,num_calls,last_survey_status
scb10,Luna,scb_week6,covid19.studentsurvey@gmail.com,fake_email_10@gmail.com,,
scb11,Camila,scb_week6,covid19.studentsurvey@gmail.com,fake_email_11@gmail.com,,
scb12,Gianna,scb_week6,covid19.studentsurvey@gmail.com,fake_email_12@gmail.com,,
scb13,Elizabeth,scb_week6,covid19.studentsurvey@gmail.com,fake_email_13@gmail.com,,
scb14,Eleanor,scb_week6,covid19.studentsurvey@gmail.com,fake_email_14@gmail.com,,
scb15,Ella,scb_week6,covid19.studentsurvey@gmail.com,fake_email_15@gmail.com,,
scb16,Abigail,scb_week6,covid19.studentsurvey@gmail.com,fake_email_16@gmail.com,,
scb17,Sofia,scb_week6,covid19.studentsurvey@gmail.com,fake_email_17@gmail.com,,
scb18,Avery,scb_week6,covid19.studentsurvey@gmail.com,fake_email_18@gmail.com,,
scb19,Scarlett,scb_week6,covid19.studentsurvey@gmail.com,fake_email_19@gmail.com,,
scb20,Emily,scb_week6,covid19.studentsurvey@gmail.com,fake_email_20@gmail.com,,
scb21,Aria,scb_week6,covid19.studentsurvey@gmail.com,fake_email_21@gmail.com,,
scb22,Penelope,scb_week6,covid19.studentsurvey@gmail.com,fake_email_22@gmail.com,,
scb23,Chloe,scb_week6,covid19.studentsurvey@gmail.com,fake_email_23@gmail.com,,
scb24,Layla,scb_week6,covid19.studentsurvey@gmail.com,fake_email_24@gmail.com,,
scb25,Mila,scb_week6,covid19.studentsurvey@gmail.com,fake_email_25@gmail.com,,
scb26,Nora,scb_week6,covid19.studentsurvey@gmail.com,fake_email_26@gmail.com,,
scb27,Hazel,scb_week6,covid19.studentsurvey@gmail.com,fake_email_27@gmail.com,,
scb28,Madison,scb_week6,covid19.studentsurvey@gmail.com,fake_email_28@gmail.com,,
scb29,Ellie,scb_week6,covid19.studentsurvey@gmail.com,fake_email_29@gmail.com,,
scb30,Lily,scb_week6,covid19.studentsurvey@gmail.com,fake_email_30@gmail.com,,
scb31,Nova,scb_week6,covid19.studentsurvey@gmail.com,fake_email_31@gmail.com,,
scb32,Isla,scb_week6,covid19.studentsurvey@gmail.com,fake_email_32@gmail.com,,
scb33,Grace,scb_week6,covid19.studentsurvey@gmail.com,fake_email_33@gmail.com,,
scb34,Violet,scb_week6,covid19.studentsurvey@gmail.com,fake_email_34@gmail.com,,
scb35,Aurora,scb_week6,covid19.studentsurvey@gmail.com,fake_email_35@gmail.com,,
scb36,Riley,scb_week6,covid19.studentsurvey@gmail.com,fake_email_36@gmail.com,,
scb37,Zoey,scb_week6,covid19.studentsurvey@gmail.com,fake_email_37@gmail.com,,
scb38,Willow,scb_week6,covid19.studentsurvey@gmail.com,fake_email_38@gmail.com,,
scb39,Emilia,scb_week6,covid19.studentsurvey@gmail.com,fake_email_39@gmail.com,,
scb40,Stella,scb_week6,covid19.studentsurvey@gmail.com,fake_email_40@gmail.com,,
scb41,Zoe,scb_week6,covid19.studentsurvey@gmail.com,fake_email_41@gmail.com,,
scb42,Victoria,scb_week6,covid19.studentsurvey@gmail.com,fake_email_42@gmail.com,,
scb43,Hannah,scb_week6,covid19.studentsurvey@gmail.com,fake_email_43@gmail.com,,
scb44,Addison,scb_week6,covid19.studentsurvey@gmail.com,fake_email_44@gmail.com,,
scb45,Leah,scb_week6,covid19.studentsurvey@gmail.com,fake_email_45@gmail.com,,
scb46,Lucy,scb_week6,covid19.studentsurvey@gmail.com,fake_email_46@gmail.com,,
scb47,Eliana,scb_week6,covid19.studentsurvey@gmail.com,fake_email_47@gmail.com,,
scb48,Ivy,scb_week6,covid19.studentsurvey@gmail.com,fake_email_48@gmail.com,,
scb49,Everly,scb_week6,covid19.studentsurvey@gmail.com,fake_email_49@gmail.com,,
scb50,Lillian,scb_week6,covid19.studentsurvey@gmail.com,fake_email_50@gmail.com,,
scb51,Paisley,scb_week6,covid19.studentsurvey@gmail.com,fake_email_51@gmail.com,,
scb52,Elena,scb_week6,covid19.studentsurvey@gmail.com,fake_email_52@gmail.com,,
scb53,Naomi,scb_week6,covid19.studentsurvey@gmail.com,fake_email_53@gmail.com,,
scb54,Maya,scb_week6,covid19.studentsurvey@gmail.com,fake_email_54@gmail.com,,
scb55,Natalie,scb_week6,covid19.studentsurvey@gmail.com,fake_email_55@gmail.com,,
scb56,Kinsley,scb_week6,covid19.studentsurvey@gmail.com,fake_email_56@gmail.com,,
scb57,Delilah,scb_week6,covid19.studentsurvey@gmail.com,fake_email_57@gmail.com,,
scb58,Claire,scb_week6,covid19.studentsurvey@gmail.com,fake_email_58@gmail.com,,
scb59,Audrey,scb_week6,covid19.studentsurvey@gmail.com,fake_email_59@gmail.com,,
scb60,Aaliyah,scb_week6,covid19.studentsurvey@gmail.com,fake_email_60@gmail.com,,
scb61,Ruby,scb_week6,covid19.studentsurvey@gmail.com,fake_email_61@gmail.com,,
scb62,Brooklyn,scb_week6,covid19.studentsurvey@gmail.com,fake_email_62@gmail.com,,
scb63,Alice,scb_week6,covid19.studentsurvey@gmail.com,fake_email_63@gmail.com,,
scb64,Aubrey,scb_week6,covid19.studentsurvey@gmail.com,fake_email_64@gmail.com,,
scb65,Autumn,scb_week6,covid19.studentsurvey@gmail.com,fake_email_65@gmail.com,,
scb66,Leilani,scb_week6,covid19.studentsurvey@gmail.com,fake_email_66@gmail.com,,
scb67,Savannah,scb_week6,covid19.studentsurvey@gmail.com,fake_email_67@gmail.com,,
scb68,Valentina,scb_week6,covid19.studentsurvey@gmail.com,fake_email_68@gmail.com,,
scb69,Kennedy,scb_week6,covid19.studentsurvey@gmail.com,fake_email_69@gmail.com,,
scb70,Madelyn,scb_week6,covid19.studentsurvey@gmail.com,fake_email_70@gmail.com,,
scb71,Josephine,scb_week6,covid19.studentsurvey@gmail.com,fake_email_71@gmail.com,,
scb72,Bella,scb_week6,covid19.studentsurvey@gmail.com,fake_email_72@gmail.com,,
scb73,Skylar,scb_week6,covid19.studentsurvey@gmail.com,fake_email_73@gmail.com,,
scb74,Genesis,scb_week6,covid19.studentsurvey@gmail.com,fake_email_74@gmail.com,,
scb75,Sophie,scb_week6,covid19.studentsurvey@gmail.com,fake_email_75@gmail.com,,
scb76,Hailey,scb_week6,covid19.studentsurvey@gmail.com,fake_email_76@gmail.com,,
scb77,Sadie,scb_week6,covid19.studentsurvey@gmail.com,fake_email_77@gmail.com,,
scb78,Natalia,scb_week6,covid19.studentsurvey@gmail.com,fake_email_78@gmail.com,,
scb79,Quinn,scb_week6,covid19.studentsurvey@gmail.com,fake_email_79@gmail.com,,
scb80,Caroline,scb_week6,covid19.studentsurvey@gmail.com,fake_email_80@gmail.com,,
scb81,Allison,scb_week6,covid19.studentsurvey@gmail.com,fake_email_81@gmail.com,,
scb82,Gabriella,scb_week6,covid19.studentsurvey@gmail.com,fake_email_82@gmail.com,,
scb83,Anna,scb_week6,covid19.studentsurvey@gmail.com,fake_email_83@gmail.com,,
scb84,Serenity,scb_week6,covid19.studentsurvey@gmail.com,fake_email_84@gmail.com,,
scb85,Nevaeh,scb_week6,covid19.studentsurvey@gmail.com,fake_email_85@gmail.com,,
scb86,Cora,scb_week6,covid19.studentsurvey@gmail.com,fake_email_86@gmail.com,,
scb87,Ariana,scb_week6,covid19.studentsurvey@gmail.com,fake_email_87@gmail.com,,
scb88,Emery,scb_week6,covid19.studentsurvey@gmail.com,fake_email_88@gmail.com,,
scb89,Lydia,scb_week6,covid19.studentsurvey@gmail.com,fake_email_89@gmail.com,,
scb90,Jade,scb_week6,covid19.studentsurvey@gmail.com,fake_email_90@gmail.com,,
scb91,Sarah,scb_week6,covid19.studentsurvey@gmail.com,fake_email_91@gmail.com,,
scb92,Eva,scb_week6,covid19.studentsurvey@gmail.com,fake_email_92@gmail.com,,
scb93,Adeline,scb_week6,covid19.studentsurvey@gmail.com,fake_email_93@gmail.com,,
scb94,Madeline,scb_week6,covid19.studentsurvey@gmail.com,fake_email_94@gmail.com,,
scb95,Piper,scb_week6,covid19.studentsurvey@gmail.com,fake_email_95@gmail.com,,
scb96,Rylee,scb_week6,covid19.studentsurvey@gmail.com,fake_email_96@gmail.com,,
scb97,Athena,scb_week6,covid19.studentsurvey@gmail.com,fake_email_97@gmail.com,,
scb98,Peyton,scb_week6,covid19.studentsurvey@gmail.com,fake_email_98@gmail.com,,
scb99,Everleigh,scb_week6,covid19.studentsurvey@gmail.com,fake_email_99@gmail.com,,