id,label,formids,users,email,,
ynd_1,ynd_resp_1,ynd_week6,covid19.studentsurvey@gmail.com,r1@gmail.com,,
ynd_2,ynd_resp_2,ynd_week6,covid19.studentsurvey@gmail.com,r2@gmail.com,,
ynd_3,ynd_resp_3,ynd_week6,covid19.studentsurvey@gmail.com,r3@gmail.com,,
ynd_4,ynd_resp_4,ynd_week6,covid19.studentsurvey@gmail.com,r4@gmail.com,,
ynd_5,ynd_resp_5,ynd_week6,covid19.studentsurvey@gmail.com,r5@gmail.com,,
ynd_6,ynd_resp_6,ynd_week6,covid19.studentsurvey@gmail.com,r6@gmail.com,,
ynd_7,ynd_resp_7,ynd_week6,covid19.studentsurvey@gmail.com,r7@gmail.com,,
ynd_8,ynd_resp_8,ynd_week6,covid19.studentsurvey@gmail.com,r8@gmail.com,,
ynd_9,ynd_resp_9,ynd_week6,covid19.studentsurvey@gmail.com,r9@gmail.com,,
ynd_10,ynd_resp_10,ynd_week6,covid19.studentsurvey@gmail.com,r10@gmail.com,,