ID,label,formids,users,sortby,zip,education,race,last_survey_status,num_calls,caseid
mp_respondent_1,respondent_0001,mp_week6,covid19.studentsurvey@gmail.com,,,,,,,
mp_respondent_2,respondent_0002,mp_week6,covid19.studentsurvey@gmail.com,,,,,,,
mp_respondent_3,respondent_0003,mp_week6,covid19.studentsurvey@gmail.com,,,,,,,
mp_respondent_4,respondent_0004,mp_week6,covid19.studentsurvey@gmail.com,,,,,,,
mp_respondent_5,respondent_0005,mp_week6,covid19.studentsurvey@gmail.com,,,,,,,
mp_respondent_6,respondent_0006,mp_week6,covid19.studentsurvey@gmail.com,,,,,,,
mp_respondent_7,respondent_0007,mp_week6,covid19.studentsurvey@gmail.com,,,,,,,
mp_respondent_8,respondent_0008,mp_week6,covid19.studentsurvey@gmail.com,,,,,,,
mp_respondent_9,respondent_0009,mp_week6,covid19.studentsurvey@gmail.com,,,,,,,
mp_respondent_10,respondent_0010,mp_week6,covid19.studentsurvey@gmail.com,,,,,,,