id,label,formids,users
bt_01,bt_user1,bt_week6,covid19.studentsurvey@gmail.com
bt_02,bt_user2,bt_week6,covid19.studentsurvey@gmail.com
bt_03,bt_user3,bt_week6,covid19.studentsurvey@gmail.com
bt_04,bt_user4,bt_week6,covid19.studentsurvey@gmail.com
bt_05,bt_user5,bt_week6,covid19.studentsurvey@gmail.com
bt_06,bt_user6,bt_week6,covid19.studentsurvey@gmail.com
bt_07,bt_user7,bt_week6,covid19.studentsurvey@gmail.com
bt_08,bt_user8,bt_week6,covid19.studentsurvey@gmail.com
bt_09,bt_user9,bt_week6,covid19.studentsurvey@gmail.com
bt_10,bt_user10,bt_week6,covid19.studentsurvey@gmail.com