id,label,formids,users,roles,sortby,siblings_n,email,continent,country,last_survey_status,num_calls,caseid,age gender,followup
ahs1,user1,ahs_week7,covid19.studentsurvey@gmail.com,,,,u1@georgetown.edu,,,,,,,
ahs2,user2,ahs_week7,covid19.studentsurvey@gmail.com,,,,u2@georgetown.edu,,,,,,,
ahs3,user3,ahs_week7,covid19.studentsurvey@gmail.com,,,,u3@georgetown.edu,,,,,,,
ahs4,user4,ahs_week7,covid19.studentsurvey@gmail.com,,,,u4@georgetown.edu,,,,,,,
ahs5,user5,ahs_week7,covid19.studentsurvey@gmail.com,,,,u5@georgetown.edu,,,,,,,
ahs6,user6,ahs_week7,covid19.studentsurvey@gmail.com,,,,u6@georgetown.edu,,,,,,,
ahs7,user7,ahs_week7,covid19.studentsurvey@gmail.com,,,,u7@georgetown.edu,,,,,,,
ahs8,user8,ahs_week7,covid19.studentsurvey@gmail.com,,,,u8@georgetown.edu,,,,,,,
ahs9,user9,ahs_week7,covid19.studentsurvey@gmail.com,,,,u9@georgetown.edu,,,,,,,
ahs10,user10,ahs_week7,covid19.studentsurvey@gmail.com,,,,u10@georgetown.edu,,,,,,,
ahs11,user11,ahs_week7,covid19.studentsurvey@gmail.com,,,,u11@georgetown.edu,,,,,,,
ahs12,user12,ahs_week7,covid19.studentsurvey@gmail.com,,,,u12@georgetown.edu,,,,,,,
ahs13,user13,ahs_week7,covid19.studentsurvey@gmail.com,,,,u13@georgetown.edu,,,,,,,
ahs14,user14,ahs_week7,covid19.studentsurvey@gmail.com,,,,u14@georgetown.edu,,,,,,,
ahs15,user15,ahs_week7,covid19.studentsurvey@gmail.com,,,,u15@georgetown.edu,,,,,,,
