ID ,label ,formids ,users 
mtz_1,mtz_user_1,mtz_week7,covid19.studentsurvey@gmail.com
mtz_2,mtz_user_2,mtz_week7,covid19.studentsurvey@gmail.com
mtz_3,mtz_user_3,mtz_week7,covid19.studentsurvey@gmail.com
mtz_4,mtz_user_4,mtz_week7,covid19.studentsurvey@gmail.com
mtz_5,mtz_user_5,mtz_week7,covid19.studentsurvey@gmail.com
mtz_6,mtz_user_6,mtz_week7,covid19.studentsurvey@gmail.com
mtz_7,mtz_user_7,mtz_week7,covid19.studentsurvey@gmail.com
mtz_8,mtz_user_8,mtz_week7,covid19.studentsurvey@gmail.com
mtz_9,mtz_user_9,mtz_week7,covid19.studentsurvey@gmail.com
mtz_10,mtz_user_10,mtz_week7,covid19.studentsurvey@gmail.com
mtz_11,mtz_user_11,mtz_week7,covid19.studentsurvey@gmail.com
mtz_12,mtz_user_12,mtz_week7,covid19.studentsurvey@gmail.com
